trial_id,t0_attack_ingress,t1_kernel_detection_latency,t2_model_inference_latency,t3_gatekeeper_verification_latency,t4_remediation_execution_latency,t5_kernel_audit_sink_latency,total_time_to_containment_seconds,target_sla_met (<3.0s)
TL-TR-001,00:00:00.000,0.805,0.58,0.18,0.18,0.2,1.945,True
TL-TR-002,00:00:00.000,0.82,0.6,0.19,0.19,0.21,2.01,True
TL-TR-003,00:00:00.000,0.835,0.62,0.17,0.2,0.19,2.015,True
TL-TR-004,00:00:00.000,0.85,0.64,0.18,0.17,0.2,2.04,True
TL-TR-005,00:00:00.000,0.79,0.66,0.19,0.18,0.21,2.03,True
TL-TR-006,00:00:00.000,0.805,0.68,0.17,0.19,0.19,2.035,True
TL-TR-007,00:00:00.000,0.82,0.56,0.18,0.2,0.2,1.96,True
TL-TR-008,00:00:00.000,0.835,0.58,0.19,0.17,0.21,1.985,True
TL-TR-009,00:00:00.000,0.85,0.6,0.17,0.18,0.19,1.99,True
TL-TR-010,00:00:00.000,0.79,0.62,0.18,0.19,0.2,1.98,True
TL-TR-011,00:00:00.000,0.805,0.64,0.19,0.2,0.21,2.045,True
TL-TR-012,00:00:00.000,0.82,0.66,0.17,0.17,0.19,2.01,True
TL-TR-013,00:00:00.000,0.835,0.68,0.18,0.18,0.2,2.075,True
TL-TR-014,00:00:00.000,0.85,0.56,0.19,0.19,0.21,2.0,True
TL-TR-015,00:00:00.000,0.79,0.58,0.17,0.2,0.19,1.93,True
TL-TR-016,00:00:00.000,0.805,0.6,0.18,0.17,0.2,1.955,True
TL-TR-017,00:00:00.000,0.82,0.62,0.19,0.18,0.21,2.02,True
TL-TR-018,00:00:00.000,0.835,0.64,0.17,0.19,0.19,2.025,True
TL-TR-019,00:00:00.000,0.85,0.66,0.18,0.2,0.2,2.09,True
TL-TR-020,00:00:00.000,0.79,0.68,0.19,0.17,0.21,2.04,True
TL-TR-021,00:00:00.000,0.805,0.56,0.17,0.18,0.19,1.905,True
TL-TR-022,00:00:00.000,0.82,0.58,0.18,0.19,0.2,1.97,True
TL-TR-023,00:00:00.000,0.835,0.6,0.19,0.2,0.21,2.035,True
TL-TR-024,00:00:00.000,0.85,0.62,0.17,0.17,0.19,2.0,True
TL-TR-025,00:00:00.000,0.79,0.64,0.18,0.18,0.2,1.99,True
TL-TR-026,00:00:00.000,0.805,0.66,0.19,0.19,0.21,2.055,True
TL-TR-027,00:00:00.000,0.82,0.68,0.17,0.2,0.19,2.06,True
TL-TR-028,00:00:00.000,0.835,0.56,0.18,0.17,0.2,1.945,True
TL-TR-029,00:00:00.000,0.85,0.58,0.19,0.18,0.21,2.01,True
TL-TR-030,00:00:00.000,0.79,0.6,0.17,0.19,0.19,1.94,True
TL-TR-031,00:00:00.000,0.805,0.62,0.18,0.2,0.2,2.005,True
TL-TR-032,00:00:00.000,0.82,0.64,0.19,0.17,0.21,2.03,True
TL-TR-033,00:00:00.000,0.835,0.66,0.17,0.18,0.19,2.035,True
TL-TR-034,00:00:00.000,0.85,0.68,0.18,0.19,0.2,2.1,True
TL-TR-035,00:00:00.000,0.79,0.56,0.19,0.2,0.21,1.95,True
TL-TR-036,00:00:00.000,0.805,0.58,0.17,0.17,0.19,1.915,True
TL-TR-037,00:00:00.000,0.82,0.6,0.18,0.18,0.2,1.98,True
TL-TR-038,00:00:00.000,0.835,0.62,0.19,0.19,0.21,2.045,True
TL-TR-039,00:00:00.000,0.85,0.64,0.17,0.2,0.19,2.05,True
TL-TR-040,00:00:00.000,0.79,0.66,0.18,0.17,0.2,2.0,True
TL-TR-041,00:00:00.000,0.805,0.68,0.19,0.18,0.21,2.065,True
TL-TR-042,00:00:00.000,0.82,0.56,0.17,0.19,0.19,1.93,True
TL-TR-043,00:00:00.000,0.835,0.58,0.18,0.2,0.2,1.995,True
TL-TR-044,00:00:00.000,0.85,0.6,0.19,0.17,0.21,2.02,True
TL-TR-045,00:00:00.000,0.79,0.62,0.17,0.18,0.19,1.95,True
TL-TR-046,00:00:00.000,0.805,0.64,0.18,0.19,0.2,2.015,True
TL-TR-047,00:00:00.000,0.82,0.66,0.19,0.2,0.21,2.08,True
TL-TR-048,00:00:00.000,0.835,0.68,0.17,0.17,0.19,2.045,True
TL-TR-049,00:00:00.000,0.85,0.56,0.18,0.18,0.2,1.97,True
TL-TR-050,00:00:00.000,0.79,0.58,0.19,0.19,0.21,1.96,True
