trial_id,timestamp,event_serial,scenario_type,role,true_origin_actor,true_auid,effective_uid,process_comm,process_exe,auditd_extracted_auid,auditd_attribution_fidelity,syslog_effective_user,syslog_identity_masked,syslog_attribution_status,raw_auditd_record,raw_syslog_record
TR-RQ2-001,2024-10-09 05:14:00,4800,sudo_escalation,human_attacker,budi,1002,0,vim,/usr/bin/vim,1002,100% PRESERVED,root,True,MASKED_AS_ROOT,"type=SYSCALL msg=audit(1728450840.000:4800): arch=c000003e syscall=257 success=yes exit=0 a0=7ffd a1=800 a2=0 a3=0 items=1 ppid=1420 pid=3100 auid=1002 uid=0 gid=0 euid=0 suid=0 fsuid=0 egid=0 ses=3 comm=""vim"" exe=""/usr/bin/vim"" key=""yoru_kontrol""",Oct 09 05:14:00 yoru-node sudo[3099]: pam_unix(sudo:session): session opened for user root(uid=0) by (uid=1002)
TR-RQ2-002,2024-10-09 05:14:01,4801,su_switch,human_user,ubuntu,1000,0,sed,/usr/bin/sed,1000,100% PRESERVED,root,True,MASKED_AS_ROOT,"type=SYSCALL msg=audit(1728450841.500:4801): arch=c000003e syscall=2 success=yes exit=0 a0=7ffd a1=800 a2=0 a3=0 items=1 ppid=1420 pid=3101 auid=1000 uid=0 gid=0 euid=0 suid=0 fsuid=0 egid=0 ses=3 comm=""sed"" exe=""/usr/bin/sed"" key=""yoru_kontrol""",Oct 09 05:14:01 yoru-node sudo[3099]: pam_unix(sudo:session): session opened for user root(uid=0) by (uid=1000)
TR-RQ2-003,2024-10-09 05:14:03,4802,sudo_escalation,human_attacker,ubuntu,1000,0,nano,/usr/bin/nano,1000,100% PRESERVED,root,True,MASKED_AS_ROOT,"type=SYSCALL msg=audit(1728450843.000:4802): arch=c000003e syscall=257 success=yes exit=0 a0=7ffd a1=800 a2=0 a3=0 items=1 ppid=1420 pid=3102 auid=1000 uid=0 gid=0 euid=0 suid=0 fsuid=0 egid=0 ses=3 comm=""nano"" exe=""/usr/bin/nano"" key=""yoru_kontrol""",Oct 09 05:14:03 yoru-node sudo[3099]: pam_unix(sudo:session): session opened for user root(uid=0) by (uid=1000)
TR-RQ2-004,2024-10-09 05:14:04,4803,su_switch,human_user,budi,1002,0,touch,/usr/bin/touch,1002,100% PRESERVED,root,True,MASKED_AS_ROOT,"type=SYSCALL msg=audit(1728450844.500:4803): arch=c000003e syscall=257 success=yes exit=0 a0=7ffd a1=800 a2=0 a3=0 items=1 ppid=1420 pid=3103 auid=1002 uid=0 gid=0 euid=0 suid=0 fsuid=0 egid=0 ses=3 comm=""touch"" exe=""/usr/bin/touch"" key=""yoru_kontrol""",Oct 09 05:14:04 yoru-node sudo[3099]: pam_unix(sudo:session): session opened for user root(uid=0) by (uid=1002)
TR-RQ2-005,2024-10-09 05:14:06,4804,sudo_escalation,human_attacker,ubuntu,1000,0,chmod,/usr/bin/chmod,1000,100% PRESERVED,root,True,MASKED_AS_ROOT,"type=SYSCALL msg=audit(1728450846.000:4804): arch=c000003e syscall=257 success=yes exit=0 a0=7ffd a1=800 a2=0 a3=0 items=1 ppid=1420 pid=3104 auid=1000 uid=0 gid=0 euid=0 suid=0 fsuid=0 egid=0 ses=3 comm=""chmod"" exe=""/usr/bin/chmod"" key=""yoru_kontrol""",Oct 09 05:14:06 yoru-node sudo[3099]: pam_unix(sudo:session): session opened for user root(uid=0) by (uid=1000)
TR-RQ2-006,2024-10-09 05:14:07,4805,su_switch,human_user,ubuntu,1000,0,bash,/usr/bin/bash,1000,100% PRESERVED,root,True,MASKED_AS_ROOT,"type=SYSCALL msg=audit(1728450847.500:4805): arch=c000003e syscall=257 success=yes exit=0 a0=7ffd a1=800 a2=0 a3=0 items=1 ppid=1420 pid=3105 auid=1000 uid=0 gid=0 euid=0 suid=0 fsuid=0 egid=0 ses=3 comm=""bash"" exe=""/usr/bin/bash"" key=""yoru_kontrol""",Oct 09 05:14:07 yoru-node sudo[3099]: pam_unix(sudo:session): session opened for user root(uid=0) by (uid=1000)
TR-RQ2-007,2024-10-09 05:14:09,4806,sudo_escalation,human_attacker,budi,1002,0,chown,/usr/bin/chown,1002,100% PRESERVED,root,True,MASKED_AS_ROOT,"type=SYSCALL msg=audit(1728450849.000:4806): arch=c000003e syscall=257 success=yes exit=0 a0=7ffd a1=800 a2=0 a3=0 items=1 ppid=1420 pid=3106 auid=1002 uid=0 gid=0 euid=0 suid=0 fsuid=0 egid=0 ses=3 comm=""chown"" exe=""/usr/bin/chown"" key=""yoru_kontrol""",Oct 09 05:14:09 yoru-node sudo[3099]: pam_unix(sudo:session): session opened for user root(uid=0) by (uid=1002)
TR-RQ2-008,2024-10-09 05:14:10,4807,su_switch,human_user,ubuntu,1000,0,vim,/usr/bin/vim,1000,100% PRESERVED,root,True,MASKED_AS_ROOT,"type=SYSCALL msg=audit(1728450850.500:4807): arch=c000003e syscall=257 success=yes exit=0 a0=7ffd a1=800 a2=0 a3=0 items=1 ppid=1420 pid=3107 auid=1000 uid=0 gid=0 euid=0 suid=0 fsuid=0 egid=0 ses=3 comm=""vim"" exe=""/usr/bin/vim"" key=""yoru_kontrol""",Oct 09 05:14:10 yoru-node sudo[3099]: pam_unix(sudo:session): session opened for user root(uid=0) by (uid=1000)
TR-RQ2-009,2024-10-09 05:14:12,4808,sudo_escalation,human_attacker,ubuntu,1000,0,sed,/usr/bin/sed,1000,100% PRESERVED,root,True,MASKED_AS_ROOT,"type=SYSCALL msg=audit(1728450852.000:4808): arch=c000003e syscall=2 success=yes exit=0 a0=7ffd a1=800 a2=0 a3=0 items=1 ppid=1420 pid=3108 auid=1000 uid=0 gid=0 euid=0 suid=0 fsuid=0 egid=0 ses=3 comm=""sed"" exe=""/usr/bin/sed"" key=""yoru_kontrol""",Oct 09 05:14:12 yoru-node sudo[3099]: pam_unix(sudo:session): session opened for user root(uid=0) by (uid=1000)
TR-RQ2-010,2024-10-09 05:14:13,4809,su_switch,human_user,budi,1002,0,nano,/usr/bin/nano,1002,100% PRESERVED,root,True,MASKED_AS_ROOT,"type=SYSCALL msg=audit(1728450853.500:4809): arch=c000003e syscall=257 success=yes exit=0 a0=7ffd a1=800 a2=0 a3=0 items=1 ppid=1420 pid=3109 auid=1002 uid=0 gid=0 euid=0 suid=0 fsuid=0 egid=0 ses=3 comm=""nano"" exe=""/usr/bin/nano"" key=""yoru_kontrol""",Oct 09 05:14:13 yoru-node sudo[3099]: pam_unix(sudo:session): session opened for user root(uid=0) by (uid=1002)
TR-RQ2-011,2024-10-09 05:14:15,4810,sudo_escalation,human_attacker,ubuntu,1000,0,touch,/usr/bin/touch,1000,100% PRESERVED,root,True,MASKED_AS_ROOT,"type=SYSCALL msg=audit(1728450855.000:4810): arch=c000003e syscall=257 success=yes exit=0 a0=7ffd a1=800 a2=0 a3=0 items=1 ppid=1420 pid=3110 auid=1000 uid=0 gid=0 euid=0 suid=0 fsuid=0 egid=0 ses=3 comm=""touch"" exe=""/usr/bin/touch"" key=""yoru_kontrol""",Oct 09 05:14:15 yoru-node sudo[3099]: pam_unix(sudo:session): session opened for user root(uid=0) by (uid=1000)
TR-RQ2-012,2024-10-09 05:14:16,4811,su_switch,human_user,ubuntu,1000,0,chmod,/usr/bin/chmod,1000,100% PRESERVED,root,True,MASKED_AS_ROOT,"type=SYSCALL msg=audit(1728450856.500:4811): arch=c000003e syscall=257 success=yes exit=0 a0=7ffd a1=800 a2=0 a3=0 items=1 ppid=1420 pid=3111 auid=1000 uid=0 gid=0 euid=0 suid=0 fsuid=0 egid=0 ses=3 comm=""chmod"" exe=""/usr/bin/chmod"" key=""yoru_kontrol""",Oct 09 05:14:16 yoru-node sudo[3099]: pam_unix(sudo:session): session opened for user root(uid=0) by (uid=1000)
TR-RQ2-013,2024-10-09 05:14:18,4812,sudo_escalation,human_attacker,budi,1002,0,bash,/usr/bin/bash,1002,100% PRESERVED,root,True,MASKED_AS_ROOT,"type=SYSCALL msg=audit(1728450858.000:4812): arch=c000003e syscall=257 success=yes exit=0 a0=7ffd a1=800 a2=0 a3=0 items=1 ppid=1420 pid=3112 auid=1002 uid=0 gid=0 euid=0 suid=0 fsuid=0 egid=0 ses=3 comm=""bash"" exe=""/usr/bin/bash"" key=""yoru_kontrol""",Oct 09 05:14:18 yoru-node sudo[3099]: pam_unix(sudo:session): session opened for user root(uid=0) by (uid=1002)
TR-RQ2-014,2024-10-09 05:14:19,4813,su_switch,human_user,ubuntu,1000,0,chown,/usr/bin/chown,1000,100% PRESERVED,root,True,MASKED_AS_ROOT,"type=SYSCALL msg=audit(1728450859.500:4813): arch=c000003e syscall=257 success=yes exit=0 a0=7ffd a1=800 a2=0 a3=0 items=1 ppid=1420 pid=3113 auid=1000 uid=0 gid=0 euid=0 suid=0 fsuid=0 egid=0 ses=3 comm=""chown"" exe=""/usr/bin/chown"" key=""yoru_kontrol""",Oct 09 05:14:19 yoru-node sudo[3099]: pam_unix(sudo:session): session opened for user root(uid=0) by (uid=1000)
TR-RQ2-015,2024-10-09 05:14:21,4814,sudo_escalation,human_attacker,ubuntu,1000,0,vim,/usr/bin/vim,1000,100% PRESERVED,root,True,MASKED_AS_ROOT,"type=SYSCALL msg=audit(1728450861.000:4814): arch=c000003e syscall=257 success=yes exit=0 a0=7ffd a1=800 a2=0 a3=0 items=1 ppid=1420 pid=3114 auid=1000 uid=0 gid=0 euid=0 suid=0 fsuid=0 egid=0 ses=3 comm=""vim"" exe=""/usr/bin/vim"" key=""yoru_kontrol""",Oct 09 05:14:21 yoru-node sudo[3099]: pam_unix(sudo:session): session opened for user root(uid=0) by (uid=1000)
TR-RQ2-016,2024-10-09 05:14:22,4815,su_switch,human_user,budi,1002,0,sed,/usr/bin/sed,1002,100% PRESERVED,root,True,MASKED_AS_ROOT,"type=SYSCALL msg=audit(1728450862.500:4815): arch=c000003e syscall=2 success=yes exit=0 a0=7ffd a1=800 a2=0 a3=0 items=1 ppid=1420 pid=3115 auid=1002 uid=0 gid=0 euid=0 suid=0 fsuid=0 egid=0 ses=3 comm=""sed"" exe=""/usr/bin/sed"" key=""yoru_kontrol""",Oct 09 05:14:22 yoru-node sudo[3099]: pam_unix(sudo:session): session opened for user root(uid=0) by (uid=1002)
TR-RQ2-017,2024-10-09 05:14:24,4816,sudo_escalation,human_attacker,ubuntu,1000,0,nano,/usr/bin/nano,1000,100% PRESERVED,root,True,MASKED_AS_ROOT,"type=SYSCALL msg=audit(1728450864.000:4816): arch=c000003e syscall=257 success=yes exit=0 a0=7ffd a1=800 a2=0 a3=0 items=1 ppid=1420 pid=3116 auid=1000 uid=0 gid=0 euid=0 suid=0 fsuid=0 egid=0 ses=3 comm=""nano"" exe=""/usr/bin/nano"" key=""yoru_kontrol""",Oct 09 05:14:24 yoru-node sudo[3099]: pam_unix(sudo:session): session opened for user root(uid=0) by (uid=1000)
TR-RQ2-018,2024-10-09 05:14:25,4817,su_switch,human_user,ubuntu,1000,0,touch,/usr/bin/touch,1000,100% PRESERVED,root,True,MASKED_AS_ROOT,"type=SYSCALL msg=audit(1728450865.500:4817): arch=c000003e syscall=257 success=yes exit=0 a0=7ffd a1=800 a2=0 a3=0 items=1 ppid=1420 pid=3117 auid=1000 uid=0 gid=0 euid=0 suid=0 fsuid=0 egid=0 ses=3 comm=""touch"" exe=""/usr/bin/touch"" key=""yoru_kontrol""",Oct 09 05:14:25 yoru-node sudo[3099]: pam_unix(sudo:session): session opened for user root(uid=0) by (uid=1000)
TR-RQ2-019,2024-10-09 05:14:27,4818,sudo_escalation,human_attacker,budi,1002,0,chmod,/usr/bin/chmod,1002,100% PRESERVED,root,True,MASKED_AS_ROOT,"type=SYSCALL msg=audit(1728450867.000:4818): arch=c000003e syscall=257 success=yes exit=0 a0=7ffd a1=800 a2=0 a3=0 items=1 ppid=1420 pid=3118 auid=1002 uid=0 gid=0 euid=0 suid=0 fsuid=0 egid=0 ses=3 comm=""chmod"" exe=""/usr/bin/chmod"" key=""yoru_kontrol""",Oct 09 05:14:27 yoru-node sudo[3099]: pam_unix(sudo:session): session opened for user root(uid=0) by (uid=1002)
TR-RQ2-020,2024-10-09 05:14:28,4819,su_switch,human_user,ubuntu,1000,0,bash,/usr/bin/bash,1000,100% PRESERVED,root,True,MASKED_AS_ROOT,"type=SYSCALL msg=audit(1728450868.500:4819): arch=c000003e syscall=257 success=yes exit=0 a0=7ffd a1=800 a2=0 a3=0 items=1 ppid=1420 pid=3119 auid=1000 uid=0 gid=0 euid=0 suid=0 fsuid=0 egid=0 ses=3 comm=""bash"" exe=""/usr/bin/bash"" key=""yoru_kontrol""",Oct 09 05:14:28 yoru-node sudo[3099]: pam_unix(sudo:session): session opened for user root(uid=0) by (uid=1000)
TR-RQ2-021,2024-10-09 05:14:30,4820,sudo_escalation,human_attacker,ubuntu,1000,0,chown,/usr/bin/chown,1000,100% PRESERVED,root,True,MASKED_AS_ROOT,"type=SYSCALL msg=audit(1728450870.000:4820): arch=c000003e syscall=257 success=yes exit=0 a0=7ffd a1=800 a2=0 a3=0 items=1 ppid=1420 pid=3120 auid=1000 uid=0 gid=0 euid=0 suid=0 fsuid=0 egid=0 ses=3 comm=""chown"" exe=""/usr/bin/chown"" key=""yoru_kontrol""",Oct 09 05:14:30 yoru-node sudo[3099]: pam_unix(sudo:session): session opened for user root(uid=0) by (uid=1000)
TR-RQ2-022,2024-10-09 05:14:31,4821,su_switch,human_user,budi,1002,0,vim,/usr/bin/vim,1002,100% PRESERVED,root,True,MASKED_AS_ROOT,"type=SYSCALL msg=audit(1728450871.500:4821): arch=c000003e syscall=257 success=yes exit=0 a0=7ffd a1=800 a2=0 a3=0 items=1 ppid=1420 pid=3121 auid=1002 uid=0 gid=0 euid=0 suid=0 fsuid=0 egid=0 ses=3 comm=""vim"" exe=""/usr/bin/vim"" key=""yoru_kontrol""",Oct 09 05:14:31 yoru-node sudo[3099]: pam_unix(sudo:session): session opened for user root(uid=0) by (uid=1002)
TR-RQ2-023,2024-10-09 05:14:33,4822,sudo_escalation,human_attacker,ubuntu,1000,0,sed,/usr/bin/sed,1000,100% PRESERVED,root,True,MASKED_AS_ROOT,"type=SYSCALL msg=audit(1728450873.000:4822): arch=c000003e syscall=2 success=yes exit=0 a0=7ffd a1=800 a2=0 a3=0 items=1 ppid=1420 pid=3122 auid=1000 uid=0 gid=0 euid=0 suid=0 fsuid=0 egid=0 ses=3 comm=""sed"" exe=""/usr/bin/sed"" key=""yoru_kontrol""",Oct 09 05:14:33 yoru-node sudo[3099]: pam_unix(sudo:session): session opened for user root(uid=0) by (uid=1000)
TR-RQ2-024,2024-10-09 05:14:34,4823,su_switch,human_user,ubuntu,1000,0,nano,/usr/bin/nano,1000,100% PRESERVED,root,True,MASKED_AS_ROOT,"type=SYSCALL msg=audit(1728450874.500:4823): arch=c000003e syscall=257 success=yes exit=0 a0=7ffd a1=800 a2=0 a3=0 items=1 ppid=1420 pid=3123 auid=1000 uid=0 gid=0 euid=0 suid=0 fsuid=0 egid=0 ses=3 comm=""nano"" exe=""/usr/bin/nano"" key=""yoru_kontrol""",Oct 09 05:14:34 yoru-node sudo[3099]: pam_unix(sudo:session): session opened for user root(uid=0) by (uid=1000)
TR-RQ2-025,2024-10-09 05:14:36,4824,sudo_escalation,human_attacker,budi,1002,0,touch,/usr/bin/touch,1002,100% PRESERVED,root,True,MASKED_AS_ROOT,"type=SYSCALL msg=audit(1728450876.000:4824): arch=c000003e syscall=257 success=yes exit=0 a0=7ffd a1=800 a2=0 a3=0 items=1 ppid=1420 pid=3124 auid=1002 uid=0 gid=0 euid=0 suid=0 fsuid=0 egid=0 ses=3 comm=""touch"" exe=""/usr/bin/touch"" key=""yoru_kontrol""",Oct 09 05:14:36 yoru-node sudo[3099]: pam_unix(sudo:session): session opened for user root(uid=0) by (uid=1002)
TR-RQ2-026,2024-10-09 05:14:37,4825,su_switch,human_user,ubuntu,1000,0,chmod,/usr/bin/chmod,1000,100% PRESERVED,root,True,MASKED_AS_ROOT,"type=SYSCALL msg=audit(1728450877.500:4825): arch=c000003e syscall=257 success=yes exit=0 a0=7ffd a1=800 a2=0 a3=0 items=1 ppid=1420 pid=3125 auid=1000 uid=0 gid=0 euid=0 suid=0 fsuid=0 egid=0 ses=3 comm=""chmod"" exe=""/usr/bin/chmod"" key=""yoru_kontrol""",Oct 09 05:14:37 yoru-node sudo[3099]: pam_unix(sudo:session): session opened for user root(uid=0) by (uid=1000)
TR-RQ2-027,2024-10-09 05:14:39,4826,sudo_escalation,human_attacker,ubuntu,1000,0,bash,/usr/bin/bash,1000,100% PRESERVED,root,True,MASKED_AS_ROOT,"type=SYSCALL msg=audit(1728450879.000:4826): arch=c000003e syscall=257 success=yes exit=0 a0=7ffd a1=800 a2=0 a3=0 items=1 ppid=1420 pid=3126 auid=1000 uid=0 gid=0 euid=0 suid=0 fsuid=0 egid=0 ses=3 comm=""bash"" exe=""/usr/bin/bash"" key=""yoru_kontrol""",Oct 09 05:14:39 yoru-node sudo[3099]: pam_unix(sudo:session): session opened for user root(uid=0) by (uid=1000)
TR-RQ2-028,2024-10-09 05:14:40,4827,su_switch,human_user,budi,1002,0,chown,/usr/bin/chown,1002,100% PRESERVED,root,True,MASKED_AS_ROOT,"type=SYSCALL msg=audit(1728450880.500:4827): arch=c000003e syscall=257 success=yes exit=0 a0=7ffd a1=800 a2=0 a3=0 items=1 ppid=1420 pid=3127 auid=1002 uid=0 gid=0 euid=0 suid=0 fsuid=0 egid=0 ses=3 comm=""chown"" exe=""/usr/bin/chown"" key=""yoru_kontrol""",Oct 09 05:14:40 yoru-node sudo[3099]: pam_unix(sudo:session): session opened for user root(uid=0) by (uid=1002)
TR-RQ2-029,2024-10-09 05:14:42,4828,sudo_escalation,human_attacker,ubuntu,1000,0,vim,/usr/bin/vim,1000,100% PRESERVED,root,True,MASKED_AS_ROOT,"type=SYSCALL msg=audit(1728450882.000:4828): arch=c000003e syscall=257 success=yes exit=0 a0=7ffd a1=800 a2=0 a3=0 items=1 ppid=1420 pid=3128 auid=1000 uid=0 gid=0 euid=0 suid=0 fsuid=0 egid=0 ses=3 comm=""vim"" exe=""/usr/bin/vim"" key=""yoru_kontrol""",Oct 09 05:14:42 yoru-node sudo[3099]: pam_unix(sudo:session): session opened for user root(uid=0) by (uid=1000)
TR-RQ2-030,2024-10-09 05:14:43,4829,su_switch,human_user,ubuntu,1000,0,sed,/usr/bin/sed,1000,100% PRESERVED,root,True,MASKED_AS_ROOT,"type=SYSCALL msg=audit(1728450883.500:4829): arch=c000003e syscall=2 success=yes exit=0 a0=7ffd a1=800 a2=0 a3=0 items=1 ppid=1420 pid=3129 auid=1000 uid=0 gid=0 euid=0 suid=0 fsuid=0 egid=0 ses=3 comm=""sed"" exe=""/usr/bin/sed"" key=""yoru_kontrol""",Oct 09 05:14:43 yoru-node sudo[3099]: pam_unix(sudo:session): session opened for user root(uid=0) by (uid=1000)
TR-RQ2-031,2024-10-09 05:14:45,4830,sudo_escalation,human_attacker,budi,1002,0,nano,/usr/bin/nano,1002,100% PRESERVED,root,True,MASKED_AS_ROOT,"type=SYSCALL msg=audit(1728450885.000:4830): arch=c000003e syscall=257 success=yes exit=0 a0=7ffd a1=800 a2=0 a3=0 items=1 ppid=1420 pid=3130 auid=1002 uid=0 gid=0 euid=0 suid=0 fsuid=0 egid=0 ses=3 comm=""nano"" exe=""/usr/bin/nano"" key=""yoru_kontrol""",Oct 09 05:14:45 yoru-node sudo[3099]: pam_unix(sudo:session): session opened for user root(uid=0) by (uid=1002)
TR-RQ2-032,2024-10-09 05:14:46,4831,su_switch,human_user,ubuntu,1000,0,touch,/usr/bin/touch,1000,100% PRESERVED,root,True,MASKED_AS_ROOT,"type=SYSCALL msg=audit(1728450886.500:4831): arch=c000003e syscall=257 success=yes exit=0 a0=7ffd a1=800 a2=0 a3=0 items=1 ppid=1420 pid=3131 auid=1000 uid=0 gid=0 euid=0 suid=0 fsuid=0 egid=0 ses=3 comm=""touch"" exe=""/usr/bin/touch"" key=""yoru_kontrol""",Oct 09 05:14:46 yoru-node sudo[3099]: pam_unix(sudo:session): session opened for user root(uid=0) by (uid=1000)
TR-RQ2-033,2024-10-09 05:14:48,4832,sudo_escalation,human_attacker,ubuntu,1000,0,chmod,/usr/bin/chmod,1000,100% PRESERVED,root,True,MASKED_AS_ROOT,"type=SYSCALL msg=audit(1728450888.000:4832): arch=c000003e syscall=257 success=yes exit=0 a0=7ffd a1=800 a2=0 a3=0 items=1 ppid=1420 pid=3132 auid=1000 uid=0 gid=0 euid=0 suid=0 fsuid=0 egid=0 ses=3 comm=""chmod"" exe=""/usr/bin/chmod"" key=""yoru_kontrol""",Oct 09 05:14:48 yoru-node sudo[3099]: pam_unix(sudo:session): session opened for user root(uid=0) by (uid=1000)
TR-RQ2-034,2024-10-09 05:14:49,4833,su_switch,human_user,budi,1002,0,bash,/usr/bin/bash,1002,100% PRESERVED,root,True,MASKED_AS_ROOT,"type=SYSCALL msg=audit(1728450889.500:4833): arch=c000003e syscall=257 success=yes exit=0 a0=7ffd a1=800 a2=0 a3=0 items=1 ppid=1420 pid=3133 auid=1002 uid=0 gid=0 euid=0 suid=0 fsuid=0 egid=0 ses=3 comm=""bash"" exe=""/usr/bin/bash"" key=""yoru_kontrol""",Oct 09 05:14:49 yoru-node sudo[3099]: pam_unix(sudo:session): session opened for user root(uid=0) by (uid=1002)
TR-RQ2-035,2024-10-09 05:14:51,4834,sudo_escalation,human_attacker,ubuntu,1000,0,chown,/usr/bin/chown,1000,100% PRESERVED,root,True,MASKED_AS_ROOT,"type=SYSCALL msg=audit(1728450891.000:4834): arch=c000003e syscall=257 success=yes exit=0 a0=7ffd a1=800 a2=0 a3=0 items=1 ppid=1420 pid=3134 auid=1000 uid=0 gid=0 euid=0 suid=0 fsuid=0 egid=0 ses=3 comm=""chown"" exe=""/usr/bin/chown"" key=""yoru_kontrol""",Oct 09 05:14:51 yoru-node sudo[3099]: pam_unix(sudo:session): session opened for user root(uid=0) by (uid=1000)
TR-RQ2-036,2024-10-09 05:14:52,4835,su_switch,human_user,ubuntu,1000,0,vim,/usr/bin/vim,1000,100% PRESERVED,root,True,MASKED_AS_ROOT,"type=SYSCALL msg=audit(1728450892.500:4835): arch=c000003e syscall=257 success=yes exit=0 a0=7ffd a1=800 a2=0 a3=0 items=1 ppid=1420 pid=3135 auid=1000 uid=0 gid=0 euid=0 suid=0 fsuid=0 egid=0 ses=3 comm=""vim"" exe=""/usr/bin/vim"" key=""yoru_kontrol""",Oct 09 05:14:52 yoru-node sudo[3099]: pam_unix(sudo:session): session opened for user root(uid=0) by (uid=1000)
TR-RQ2-037,2024-10-09 05:14:54,4836,sudo_escalation,human_attacker,budi,1002,0,sed,/usr/bin/sed,1002,100% PRESERVED,root,True,MASKED_AS_ROOT,"type=SYSCALL msg=audit(1728450894.000:4836): arch=c000003e syscall=2 success=yes exit=0 a0=7ffd a1=800 a2=0 a3=0 items=1 ppid=1420 pid=3136 auid=1002 uid=0 gid=0 euid=0 suid=0 fsuid=0 egid=0 ses=3 comm=""sed"" exe=""/usr/bin/sed"" key=""yoru_kontrol""",Oct 09 05:14:54 yoru-node sudo[3099]: pam_unix(sudo:session): session opened for user root(uid=0) by (uid=1002)
TR-RQ2-038,2024-10-09 05:14:55,4837,su_switch,human_user,ubuntu,1000,0,nano,/usr/bin/nano,1000,100% PRESERVED,root,True,MASKED_AS_ROOT,"type=SYSCALL msg=audit(1728450895.500:4837): arch=c000003e syscall=257 success=yes exit=0 a0=7ffd a1=800 a2=0 a3=0 items=1 ppid=1420 pid=3137 auid=1000 uid=0 gid=0 euid=0 suid=0 fsuid=0 egid=0 ses=3 comm=""nano"" exe=""/usr/bin/nano"" key=""yoru_kontrol""",Oct 09 05:14:55 yoru-node sudo[3099]: pam_unix(sudo:session): session opened for user root(uid=0) by (uid=1000)
TR-RQ2-039,2024-10-09 05:14:57,4838,sudo_escalation,human_attacker,ubuntu,1000,0,touch,/usr/bin/touch,1000,100% PRESERVED,root,True,MASKED_AS_ROOT,"type=SYSCALL msg=audit(1728450897.000:4838): arch=c000003e syscall=257 success=yes exit=0 a0=7ffd a1=800 a2=0 a3=0 items=1 ppid=1420 pid=3138 auid=1000 uid=0 gid=0 euid=0 suid=0 fsuid=0 egid=0 ses=3 comm=""touch"" exe=""/usr/bin/touch"" key=""yoru_kontrol""",Oct 09 05:14:57 yoru-node sudo[3099]: pam_unix(sudo:session): session opened for user root(uid=0) by (uid=1000)
TR-RQ2-040,2024-10-09 05:14:58,4839,su_switch,human_user,budi,1002,0,chmod,/usr/bin/chmod,1002,100% PRESERVED,root,True,MASKED_AS_ROOT,"type=SYSCALL msg=audit(1728450898.500:4839): arch=c000003e syscall=257 success=yes exit=0 a0=7ffd a1=800 a2=0 a3=0 items=1 ppid=1420 pid=3139 auid=1002 uid=0 gid=0 euid=0 suid=0 fsuid=0 egid=0 ses=3 comm=""chmod"" exe=""/usr/bin/chmod"" key=""yoru_kontrol""",Oct 09 05:14:58 yoru-node sudo[3099]: pam_unix(sudo:session): session opened for user root(uid=0) by (uid=1002)
TR-RQ2-041,2024-10-09 05:15:00,4840,sudo_escalation,human_attacker,ubuntu,1000,0,bash,/usr/bin/bash,1000,100% PRESERVED,root,True,MASKED_AS_ROOT,"type=SYSCALL msg=audit(1728450900.000:4840): arch=c000003e syscall=257 success=yes exit=0 a0=7ffd a1=800 a2=0 a3=0 items=1 ppid=1420 pid=3140 auid=1000 uid=0 gid=0 euid=0 suid=0 fsuid=0 egid=0 ses=3 comm=""bash"" exe=""/usr/bin/bash"" key=""yoru_kontrol""",Oct 09 05:15:00 yoru-node sudo[3099]: pam_unix(sudo:session): session opened for user root(uid=0) by (uid=1000)
TR-RQ2-042,2024-10-09 05:15:01,4841,su_switch,human_user,ubuntu,1000,0,chown,/usr/bin/chown,1000,100% PRESERVED,root,True,MASKED_AS_ROOT,"type=SYSCALL msg=audit(1728450901.500:4841): arch=c000003e syscall=257 success=yes exit=0 a0=7ffd a1=800 a2=0 a3=0 items=1 ppid=1420 pid=3141 auid=1000 uid=0 gid=0 euid=0 suid=0 fsuid=0 egid=0 ses=3 comm=""chown"" exe=""/usr/bin/chown"" key=""yoru_kontrol""",Oct 09 05:15:01 yoru-node sudo[3099]: pam_unix(sudo:session): session opened for user root(uid=0) by (uid=1000)
TR-RQ2-043,2024-10-09 05:15:03,4842,sudo_escalation,human_attacker,budi,1002,0,vim,/usr/bin/vim,1002,100% PRESERVED,root,True,MASKED_AS_ROOT,"type=SYSCALL msg=audit(1728450903.000:4842): arch=c000003e syscall=257 success=yes exit=0 a0=7ffd a1=800 a2=0 a3=0 items=1 ppid=1420 pid=3142 auid=1002 uid=0 gid=0 euid=0 suid=0 fsuid=0 egid=0 ses=3 comm=""vim"" exe=""/usr/bin/vim"" key=""yoru_kontrol""",Oct 09 05:15:03 yoru-node sudo[3099]: pam_unix(sudo:session): session opened for user root(uid=0) by (uid=1002)
TR-RQ2-044,2024-10-09 05:15:04,4843,su_switch,human_user,ubuntu,1000,0,sed,/usr/bin/sed,1000,100% PRESERVED,root,True,MASKED_AS_ROOT,"type=SYSCALL msg=audit(1728450904.500:4843): arch=c000003e syscall=2 success=yes exit=0 a0=7ffd a1=800 a2=0 a3=0 items=1 ppid=1420 pid=3143 auid=1000 uid=0 gid=0 euid=0 suid=0 fsuid=0 egid=0 ses=3 comm=""sed"" exe=""/usr/bin/sed"" key=""yoru_kontrol""",Oct 09 05:15:04 yoru-node sudo[3099]: pam_unix(sudo:session): session opened for user root(uid=0) by (uid=1000)
TR-RQ2-045,2024-10-09 05:15:06,4844,sudo_escalation,human_attacker,ubuntu,1000,0,nano,/usr/bin/nano,1000,100% PRESERVED,root,True,MASKED_AS_ROOT,"type=SYSCALL msg=audit(1728450906.000:4844): arch=c000003e syscall=257 success=yes exit=0 a0=7ffd a1=800 a2=0 a3=0 items=1 ppid=1420 pid=3144 auid=1000 uid=0 gid=0 euid=0 suid=0 fsuid=0 egid=0 ses=3 comm=""nano"" exe=""/usr/bin/nano"" key=""yoru_kontrol""",Oct 09 05:15:06 yoru-node sudo[3099]: pam_unix(sudo:session): session opened for user root(uid=0) by (uid=1000)
TR-RQ2-046,2024-10-09 05:15:07,4845,su_switch,human_user,budi,1002,0,touch,/usr/bin/touch,1002,100% PRESERVED,root,True,MASKED_AS_ROOT,"type=SYSCALL msg=audit(1728450907.500:4845): arch=c000003e syscall=257 success=yes exit=0 a0=7ffd a1=800 a2=0 a3=0 items=1 ppid=1420 pid=3145 auid=1002 uid=0 gid=0 euid=0 suid=0 fsuid=0 egid=0 ses=3 comm=""touch"" exe=""/usr/bin/touch"" key=""yoru_kontrol""",Oct 09 05:15:07 yoru-node sudo[3099]: pam_unix(sudo:session): session opened for user root(uid=0) by (uid=1002)
TR-RQ2-047,2024-10-09 05:15:09,4846,sudo_escalation,human_attacker,ubuntu,1000,0,chmod,/usr/bin/chmod,1000,100% PRESERVED,root,True,MASKED_AS_ROOT,"type=SYSCALL msg=audit(1728450909.000:4846): arch=c000003e syscall=257 success=yes exit=0 a0=7ffd a1=800 a2=0 a3=0 items=1 ppid=1420 pid=3146 auid=1000 uid=0 gid=0 euid=0 suid=0 fsuid=0 egid=0 ses=3 comm=""chmod"" exe=""/usr/bin/chmod"" key=""yoru_kontrol""",Oct 09 05:15:09 yoru-node sudo[3099]: pam_unix(sudo:session): session opened for user root(uid=0) by (uid=1000)
TR-RQ2-048,2024-10-09 05:15:10,4847,su_switch,human_user,ubuntu,1000,0,bash,/usr/bin/bash,1000,100% PRESERVED,root,True,MASKED_AS_ROOT,"type=SYSCALL msg=audit(1728450910.500:4847): arch=c000003e syscall=257 success=yes exit=0 a0=7ffd a1=800 a2=0 a3=0 items=1 ppid=1420 pid=3147 auid=1000 uid=0 gid=0 euid=0 suid=0 fsuid=0 egid=0 ses=3 comm=""bash"" exe=""/usr/bin/bash"" key=""yoru_kontrol""",Oct 09 05:15:10 yoru-node sudo[3099]: pam_unix(sudo:session): session opened for user root(uid=0) by (uid=1000)
TR-RQ2-049,2024-10-09 05:15:12,4848,sudo_escalation,human_attacker,budi,1002,0,chown,/usr/bin/chown,1002,100% PRESERVED,root,True,MASKED_AS_ROOT,"type=SYSCALL msg=audit(1728450912.000:4848): arch=c000003e syscall=257 success=yes exit=0 a0=7ffd a1=800 a2=0 a3=0 items=1 ppid=1420 pid=3148 auid=1002 uid=0 gid=0 euid=0 suid=0 fsuid=0 egid=0 ses=3 comm=""chown"" exe=""/usr/bin/chown"" key=""yoru_kontrol""",Oct 09 05:15:12 yoru-node sudo[3099]: pam_unix(sudo:session): session opened for user root(uid=0) by (uid=1002)
TR-RQ2-050,2024-10-09 05:15:13,4849,su_switch,human_user,ubuntu,1000,0,vim,/usr/bin/vim,1000,100% PRESERVED,root,True,MASKED_AS_ROOT,"type=SYSCALL msg=audit(1728450913.500:4849): arch=c000003e syscall=257 success=yes exit=0 a0=7ffd a1=800 a2=0 a3=0 items=1 ppid=1420 pid=3149 auid=1000 uid=0 gid=0 euid=0 suid=0 fsuid=0 egid=0 ses=3 comm=""vim"" exe=""/usr/bin/vim"" key=""yoru_kontrol""",Oct 09 05:15:13 yoru-node sudo[3099]: pam_unix(sudo:session): session opened for user root(uid=0) by (uid=1000)
TR-RQ2-051,2024-10-09 05:15:15,4850,sudo_escalation,human_attacker,ubuntu,1000,0,sed,/usr/bin/sed,1000,100% PRESERVED,root,True,MASKED_AS_ROOT,"type=SYSCALL msg=audit(1728450915.000:4850): arch=c000003e syscall=2 success=yes exit=0 a0=7ffd a1=800 a2=0 a3=0 items=1 ppid=1420 pid=3150 auid=1000 uid=0 gid=0 euid=0 suid=0 fsuid=0 egid=0 ses=3 comm=""sed"" exe=""/usr/bin/sed"" key=""yoru_kontrol""",Oct 09 05:15:15 yoru-node sudo[3099]: pam_unix(sudo:session): session opened for user root(uid=0) by (uid=1000)
TR-RQ2-052,2024-10-09 05:15:16,4851,su_switch,human_user,budi,1002,0,nano,/usr/bin/nano,1002,100% PRESERVED,root,True,MASKED_AS_ROOT,"type=SYSCALL msg=audit(1728450916.500:4851): arch=c000003e syscall=257 success=yes exit=0 a0=7ffd a1=800 a2=0 a3=0 items=1 ppid=1420 pid=3151 auid=1002 uid=0 gid=0 euid=0 suid=0 fsuid=0 egid=0 ses=3 comm=""nano"" exe=""/usr/bin/nano"" key=""yoru_kontrol""",Oct 09 05:15:16 yoru-node sudo[3099]: pam_unix(sudo:session): session opened for user root(uid=0) by (uid=1002)
TR-RQ2-053,2024-10-09 05:15:18,4852,sudo_escalation,human_attacker,ubuntu,1000,0,touch,/usr/bin/touch,1000,100% PRESERVED,root,True,MASKED_AS_ROOT,"type=SYSCALL msg=audit(1728450918.000:4852): arch=c000003e syscall=257 success=yes exit=0 a0=7ffd a1=800 a2=0 a3=0 items=1 ppid=1420 pid=3152 auid=1000 uid=0 gid=0 euid=0 suid=0 fsuid=0 egid=0 ses=3 comm=""touch"" exe=""/usr/bin/touch"" key=""yoru_kontrol""",Oct 09 05:15:18 yoru-node sudo[3099]: pam_unix(sudo:session): session opened for user root(uid=0) by (uid=1000)
TR-RQ2-054,2024-10-09 05:15:19,4853,su_switch,human_user,ubuntu,1000,0,chmod,/usr/bin/chmod,1000,100% PRESERVED,root,True,MASKED_AS_ROOT,"type=SYSCALL msg=audit(1728450919.500:4853): arch=c000003e syscall=257 success=yes exit=0 a0=7ffd a1=800 a2=0 a3=0 items=1 ppid=1420 pid=3153 auid=1000 uid=0 gid=0 euid=0 suid=0 fsuid=0 egid=0 ses=3 comm=""chmod"" exe=""/usr/bin/chmod"" key=""yoru_kontrol""",Oct 09 05:15:19 yoru-node sudo[3099]: pam_unix(sudo:session): session opened for user root(uid=0) by (uid=1000)
TR-RQ2-055,2024-10-09 05:15:21,4854,sudo_escalation,human_attacker,budi,1002,0,bash,/usr/bin/bash,1002,100% PRESERVED,root,True,MASKED_AS_ROOT,"type=SYSCALL msg=audit(1728450921.000:4854): arch=c000003e syscall=257 success=yes exit=0 a0=7ffd a1=800 a2=0 a3=0 items=1 ppid=1420 pid=3154 auid=1002 uid=0 gid=0 euid=0 suid=0 fsuid=0 egid=0 ses=3 comm=""bash"" exe=""/usr/bin/bash"" key=""yoru_kontrol""",Oct 09 05:15:21 yoru-node sudo[3099]: pam_unix(sudo:session): session opened for user root(uid=0) by (uid=1002)
TR-RQ2-056,2024-10-09 05:15:22,4855,su_switch,human_user,ubuntu,1000,0,chown,/usr/bin/chown,1000,100% PRESERVED,root,True,MASKED_AS_ROOT,"type=SYSCALL msg=audit(1728450922.500:4855): arch=c000003e syscall=257 success=yes exit=0 a0=7ffd a1=800 a2=0 a3=0 items=1 ppid=1420 pid=3155 auid=1000 uid=0 gid=0 euid=0 suid=0 fsuid=0 egid=0 ses=3 comm=""chown"" exe=""/usr/bin/chown"" key=""yoru_kontrol""",Oct 09 05:15:22 yoru-node sudo[3099]: pam_unix(sudo:session): session opened for user root(uid=0) by (uid=1000)
TR-RQ2-057,2024-10-09 05:15:24,4856,sudo_escalation,human_attacker,ubuntu,1000,0,vim,/usr/bin/vim,1000,100% PRESERVED,root,True,MASKED_AS_ROOT,"type=SYSCALL msg=audit(1728450924.000:4856): arch=c000003e syscall=257 success=yes exit=0 a0=7ffd a1=800 a2=0 a3=0 items=1 ppid=1420 pid=3156 auid=1000 uid=0 gid=0 euid=0 suid=0 fsuid=0 egid=0 ses=3 comm=""vim"" exe=""/usr/bin/vim"" key=""yoru_kontrol""",Oct 09 05:15:24 yoru-node sudo[3099]: pam_unix(sudo:session): session opened for user root(uid=0) by (uid=1000)
TR-RQ2-058,2024-10-09 05:15:25,4857,su_switch,human_user,budi,1002,0,sed,/usr/bin/sed,1002,100% PRESERVED,root,True,MASKED_AS_ROOT,"type=SYSCALL msg=audit(1728450925.500:4857): arch=c000003e syscall=2 success=yes exit=0 a0=7ffd a1=800 a2=0 a3=0 items=1 ppid=1420 pid=3157 auid=1002 uid=0 gid=0 euid=0 suid=0 fsuid=0 egid=0 ses=3 comm=""sed"" exe=""/usr/bin/sed"" key=""yoru_kontrol""",Oct 09 05:15:25 yoru-node sudo[3099]: pam_unix(sudo:session): session opened for user root(uid=0) by (uid=1002)
TR-RQ2-059,2024-10-09 05:15:27,4858,sudo_escalation,human_attacker,ubuntu,1000,0,nano,/usr/bin/nano,1000,100% PRESERVED,root,True,MASKED_AS_ROOT,"type=SYSCALL msg=audit(1728450927.000:4858): arch=c000003e syscall=257 success=yes exit=0 a0=7ffd a1=800 a2=0 a3=0 items=1 ppid=1420 pid=3158 auid=1000 uid=0 gid=0 euid=0 suid=0 fsuid=0 egid=0 ses=3 comm=""nano"" exe=""/usr/bin/nano"" key=""yoru_kontrol""",Oct 09 05:15:27 yoru-node sudo[3099]: pam_unix(sudo:session): session opened for user root(uid=0) by (uid=1000)
TR-RQ2-060,2024-10-09 05:15:28,4859,su_switch,human_user,ubuntu,1000,0,touch,/usr/bin/touch,1000,100% PRESERVED,root,True,MASKED_AS_ROOT,"type=SYSCALL msg=audit(1728450928.500:4859): arch=c000003e syscall=257 success=yes exit=0 a0=7ffd a1=800 a2=0 a3=0 items=1 ppid=1420 pid=3159 auid=1000 uid=0 gid=0 euid=0 suid=0 fsuid=0 egid=0 ses=3 comm=""touch"" exe=""/usr/bin/touch"" key=""yoru_kontrol""",Oct 09 05:15:28 yoru-node sudo[3099]: pam_unix(sudo:session): session opened for user root(uid=0) by (uid=1000)
TR-RQ2-061,2024-10-09 05:15:30,4860,sudo_escalation,human_attacker,budi,1002,0,chmod,/usr/bin/chmod,1002,100% PRESERVED,root,True,MASKED_AS_ROOT,"type=SYSCALL msg=audit(1728450930.000:4860): arch=c000003e syscall=257 success=yes exit=0 a0=7ffd a1=800 a2=0 a3=0 items=1 ppid=1420 pid=3160 auid=1002 uid=0 gid=0 euid=0 suid=0 fsuid=0 egid=0 ses=3 comm=""chmod"" exe=""/usr/bin/chmod"" key=""yoru_kontrol""",Oct 09 05:15:30 yoru-node sudo[3099]: pam_unix(sudo:session): session opened for user root(uid=0) by (uid=1002)
TR-RQ2-062,2024-10-09 05:15:31,4861,su_switch,human_user,ubuntu,1000,0,bash,/usr/bin/bash,1000,100% PRESERVED,root,True,MASKED_AS_ROOT,"type=SYSCALL msg=audit(1728450931.500:4861): arch=c000003e syscall=257 success=yes exit=0 a0=7ffd a1=800 a2=0 a3=0 items=1 ppid=1420 pid=3161 auid=1000 uid=0 gid=0 euid=0 suid=0 fsuid=0 egid=0 ses=3 comm=""bash"" exe=""/usr/bin/bash"" key=""yoru_kontrol""",Oct 09 05:15:31 yoru-node sudo[3099]: pam_unix(sudo:session): session opened for user root(uid=0) by (uid=1000)
TR-RQ2-063,2024-10-09 05:15:33,4862,sudo_escalation,human_attacker,ubuntu,1000,0,chown,/usr/bin/chown,1000,100% PRESERVED,root,True,MASKED_AS_ROOT,"type=SYSCALL msg=audit(1728450933.000:4862): arch=c000003e syscall=257 success=yes exit=0 a0=7ffd a1=800 a2=0 a3=0 items=1 ppid=1420 pid=3162 auid=1000 uid=0 gid=0 euid=0 suid=0 fsuid=0 egid=0 ses=3 comm=""chown"" exe=""/usr/bin/chown"" key=""yoru_kontrol""",Oct 09 05:15:33 yoru-node sudo[3099]: pam_unix(sudo:session): session opened for user root(uid=0) by (uid=1000)
TR-RQ2-064,2024-10-09 05:15:34,4863,su_switch,human_user,budi,1002,0,vim,/usr/bin/vim,1002,100% PRESERVED,root,True,MASKED_AS_ROOT,"type=SYSCALL msg=audit(1728450934.500:4863): arch=c000003e syscall=257 success=yes exit=0 a0=7ffd a1=800 a2=0 a3=0 items=1 ppid=1420 pid=3163 auid=1002 uid=0 gid=0 euid=0 suid=0 fsuid=0 egid=0 ses=3 comm=""vim"" exe=""/usr/bin/vim"" key=""yoru_kontrol""",Oct 09 05:15:34 yoru-node sudo[3099]: pam_unix(sudo:session): session opened for user root(uid=0) by (uid=1002)
TR-RQ2-065,2024-10-09 05:15:36,4864,sudo_escalation,human_attacker,ubuntu,1000,0,sed,/usr/bin/sed,1000,100% PRESERVED,root,True,MASKED_AS_ROOT,"type=SYSCALL msg=audit(1728450936.000:4864): arch=c000003e syscall=2 success=yes exit=0 a0=7ffd a1=800 a2=0 a3=0 items=1 ppid=1420 pid=3164 auid=1000 uid=0 gid=0 euid=0 suid=0 fsuid=0 egid=0 ses=3 comm=""sed"" exe=""/usr/bin/sed"" key=""yoru_kontrol""",Oct 09 05:15:36 yoru-node sudo[3099]: pam_unix(sudo:session): session opened for user root(uid=0) by (uid=1000)
TR-RQ2-066,2024-10-09 05:15:37,4865,su_switch,human_user,ubuntu,1000,0,nano,/usr/bin/nano,1000,100% PRESERVED,root,True,MASKED_AS_ROOT,"type=SYSCALL msg=audit(1728450937.500:4865): arch=c000003e syscall=257 success=yes exit=0 a0=7ffd a1=800 a2=0 a3=0 items=1 ppid=1420 pid=3165 auid=1000 uid=0 gid=0 euid=0 suid=0 fsuid=0 egid=0 ses=3 comm=""nano"" exe=""/usr/bin/nano"" key=""yoru_kontrol""",Oct 09 05:15:37 yoru-node sudo[3099]: pam_unix(sudo:session): session opened for user root(uid=0) by (uid=1000)
TR-RQ2-067,2024-10-09 05:15:39,4866,sudo_escalation,human_attacker,budi,1002,0,touch,/usr/bin/touch,1002,100% PRESERVED,root,True,MASKED_AS_ROOT,"type=SYSCALL msg=audit(1728450939.000:4866): arch=c000003e syscall=257 success=yes exit=0 a0=7ffd a1=800 a2=0 a3=0 items=1 ppid=1420 pid=3166 auid=1002 uid=0 gid=0 euid=0 suid=0 fsuid=0 egid=0 ses=3 comm=""touch"" exe=""/usr/bin/touch"" key=""yoru_kontrol""",Oct 09 05:15:39 yoru-node sudo[3099]: pam_unix(sudo:session): session opened for user root(uid=0) by (uid=1002)
TR-RQ2-068,2024-10-09 05:15:40,4867,su_switch,human_user,ubuntu,1000,0,chmod,/usr/bin/chmod,1000,100% PRESERVED,root,True,MASKED_AS_ROOT,"type=SYSCALL msg=audit(1728450940.500:4867): arch=c000003e syscall=257 success=yes exit=0 a0=7ffd a1=800 a2=0 a3=0 items=1 ppid=1420 pid=3167 auid=1000 uid=0 gid=0 euid=0 suid=0 fsuid=0 egid=0 ses=3 comm=""chmod"" exe=""/usr/bin/chmod"" key=""yoru_kontrol""",Oct 09 05:15:40 yoru-node sudo[3099]: pam_unix(sudo:session): session opened for user root(uid=0) by (uid=1000)
TR-RQ2-069,2024-10-09 05:15:42,4868,sudo_escalation,human_attacker,ubuntu,1000,0,bash,/usr/bin/bash,1000,100% PRESERVED,root,True,MASKED_AS_ROOT,"type=SYSCALL msg=audit(1728450942.000:4868): arch=c000003e syscall=257 success=yes exit=0 a0=7ffd a1=800 a2=0 a3=0 items=1 ppid=1420 pid=3168 auid=1000 uid=0 gid=0 euid=0 suid=0 fsuid=0 egid=0 ses=3 comm=""bash"" exe=""/usr/bin/bash"" key=""yoru_kontrol""",Oct 09 05:15:42 yoru-node sudo[3099]: pam_unix(sudo:session): session opened for user root(uid=0) by (uid=1000)
TR-RQ2-070,2024-10-09 05:15:43,4869,su_switch,human_user,budi,1002,0,chown,/usr/bin/chown,1002,100% PRESERVED,root,True,MASKED_AS_ROOT,"type=SYSCALL msg=audit(1728450943.500:4869): arch=c000003e syscall=257 success=yes exit=0 a0=7ffd a1=800 a2=0 a3=0 items=1 ppid=1420 pid=3169 auid=1002 uid=0 gid=0 euid=0 suid=0 fsuid=0 egid=0 ses=3 comm=""chown"" exe=""/usr/bin/chown"" key=""yoru_kontrol""",Oct 09 05:15:43 yoru-node sudo[3099]: pam_unix(sudo:session): session opened for user root(uid=0) by (uid=1002)
TR-RQ2-071,2024-10-09 05:15:45,4870,sudo_escalation,human_attacker,ubuntu,1000,0,vim,/usr/bin/vim,1000,100% PRESERVED,root,True,MASKED_AS_ROOT,"type=SYSCALL msg=audit(1728450945.000:4870): arch=c000003e syscall=257 success=yes exit=0 a0=7ffd a1=800 a2=0 a3=0 items=1 ppid=1420 pid=3170 auid=1000 uid=0 gid=0 euid=0 suid=0 fsuid=0 egid=0 ses=3 comm=""vim"" exe=""/usr/bin/vim"" key=""yoru_kontrol""",Oct 09 05:15:45 yoru-node sudo[3099]: pam_unix(sudo:session): session opened for user root(uid=0) by (uid=1000)
TR-RQ2-072,2024-10-09 05:15:46,4871,su_switch,human_user,ubuntu,1000,0,sed,/usr/bin/sed,1000,100% PRESERVED,root,True,MASKED_AS_ROOT,"type=SYSCALL msg=audit(1728450946.500:4871): arch=c000003e syscall=2 success=yes exit=0 a0=7ffd a1=800 a2=0 a3=0 items=1 ppid=1420 pid=3171 auid=1000 uid=0 gid=0 euid=0 suid=0 fsuid=0 egid=0 ses=3 comm=""sed"" exe=""/usr/bin/sed"" key=""yoru_kontrol""",Oct 09 05:15:46 yoru-node sudo[3099]: pam_unix(sudo:session): session opened for user root(uid=0) by (uid=1000)
TR-RQ2-073,2024-10-09 05:15:48,4872,sudo_escalation,human_attacker,budi,1002,0,nano,/usr/bin/nano,1002,100% PRESERVED,root,True,MASKED_AS_ROOT,"type=SYSCALL msg=audit(1728450948.000:4872): arch=c000003e syscall=257 success=yes exit=0 a0=7ffd a1=800 a2=0 a3=0 items=1 ppid=1420 pid=3172 auid=1002 uid=0 gid=0 euid=0 suid=0 fsuid=0 egid=0 ses=3 comm=""nano"" exe=""/usr/bin/nano"" key=""yoru_kontrol""",Oct 09 05:15:48 yoru-node sudo[3099]: pam_unix(sudo:session): session opened for user root(uid=0) by (uid=1002)
TR-RQ2-074,2024-10-09 05:15:49,4873,su_switch,human_user,ubuntu,1000,0,touch,/usr/bin/touch,1000,100% PRESERVED,root,True,MASKED_AS_ROOT,"type=SYSCALL msg=audit(1728450949.500:4873): arch=c000003e syscall=257 success=yes exit=0 a0=7ffd a1=800 a2=0 a3=0 items=1 ppid=1420 pid=3173 auid=1000 uid=0 gid=0 euid=0 suid=0 fsuid=0 egid=0 ses=3 comm=""touch"" exe=""/usr/bin/touch"" key=""yoru_kontrol""",Oct 09 05:15:49 yoru-node sudo[3099]: pam_unix(sudo:session): session opened for user root(uid=0) by (uid=1000)
TR-RQ2-075,2024-10-09 05:15:51,4874,sudo_escalation,human_attacker,ubuntu,1000,0,chmod,/usr/bin/chmod,1000,100% PRESERVED,root,True,MASKED_AS_ROOT,"type=SYSCALL msg=audit(1728450951.000:4874): arch=c000003e syscall=257 success=yes exit=0 a0=7ffd a1=800 a2=0 a3=0 items=1 ppid=1420 pid=3174 auid=1000 uid=0 gid=0 euid=0 suid=0 fsuid=0 egid=0 ses=3 comm=""chmod"" exe=""/usr/bin/chmod"" key=""yoru_kontrol""",Oct 09 05:15:51 yoru-node sudo[3099]: pam_unix(sudo:session): session opened for user root(uid=0) by (uid=1000)
TR-RQ2-076,2024-10-09 05:15:52,4875,su_switch,human_user,budi,1002,0,bash,/usr/bin/bash,1002,100% PRESERVED,root,True,MASKED_AS_ROOT,"type=SYSCALL msg=audit(1728450952.500:4875): arch=c000003e syscall=257 success=yes exit=0 a0=7ffd a1=800 a2=0 a3=0 items=1 ppid=1420 pid=3175 auid=1002 uid=0 gid=0 euid=0 suid=0 fsuid=0 egid=0 ses=3 comm=""bash"" exe=""/usr/bin/bash"" key=""yoru_kontrol""",Oct 09 05:15:52 yoru-node sudo[3099]: pam_unix(sudo:session): session opened for user root(uid=0) by (uid=1002)
TR-RQ2-077,2024-10-09 05:15:54,4876,sudo_escalation,human_attacker,ubuntu,1000,0,chown,/usr/bin/chown,1000,100% PRESERVED,root,True,MASKED_AS_ROOT,"type=SYSCALL msg=audit(1728450954.000:4876): arch=c000003e syscall=257 success=yes exit=0 a0=7ffd a1=800 a2=0 a3=0 items=1 ppid=1420 pid=3176 auid=1000 uid=0 gid=0 euid=0 suid=0 fsuid=0 egid=0 ses=3 comm=""chown"" exe=""/usr/bin/chown"" key=""yoru_kontrol""",Oct 09 05:15:54 yoru-node sudo[3099]: pam_unix(sudo:session): session opened for user root(uid=0) by (uid=1000)
TR-RQ2-078,2024-10-09 05:15:55,4877,su_switch,human_user,ubuntu,1000,0,vim,/usr/bin/vim,1000,100% PRESERVED,root,True,MASKED_AS_ROOT,"type=SYSCALL msg=audit(1728450955.500:4877): arch=c000003e syscall=257 success=yes exit=0 a0=7ffd a1=800 a2=0 a3=0 items=1 ppid=1420 pid=3177 auid=1000 uid=0 gid=0 euid=0 suid=0 fsuid=0 egid=0 ses=3 comm=""vim"" exe=""/usr/bin/vim"" key=""yoru_kontrol""",Oct 09 05:15:55 yoru-node sudo[3099]: pam_unix(sudo:session): session opened for user root(uid=0) by (uid=1000)
TR-RQ2-079,2024-10-09 05:15:57,4878,sudo_escalation,human_attacker,budi,1002,0,sed,/usr/bin/sed,1002,100% PRESERVED,root,True,MASKED_AS_ROOT,"type=SYSCALL msg=audit(1728450957.000:4878): arch=c000003e syscall=2 success=yes exit=0 a0=7ffd a1=800 a2=0 a3=0 items=1 ppid=1420 pid=3178 auid=1002 uid=0 gid=0 euid=0 suid=0 fsuid=0 egid=0 ses=3 comm=""sed"" exe=""/usr/bin/sed"" key=""yoru_kontrol""",Oct 09 05:15:57 yoru-node sudo[3099]: pam_unix(sudo:session): session opened for user root(uid=0) by (uid=1002)
TR-RQ2-080,2024-10-09 05:15:58,4879,su_switch,human_user,ubuntu,1000,0,nano,/usr/bin/nano,1000,100% PRESERVED,root,True,MASKED_AS_ROOT,"type=SYSCALL msg=audit(1728450958.500:4879): arch=c000003e syscall=257 success=yes exit=0 a0=7ffd a1=800 a2=0 a3=0 items=1 ppid=1420 pid=3179 auid=1000 uid=0 gid=0 euid=0 suid=0 fsuid=0 egid=0 ses=3 comm=""nano"" exe=""/usr/bin/nano"" key=""yoru_kontrol""",Oct 09 05:15:58 yoru-node sudo[3099]: pam_unix(sudo:session): session opened for user root(uid=0) by (uid=1000)
TR-RQ2-081,2024-10-09 05:16:00,4880,sudo_escalation,human_attacker,ubuntu,1000,0,touch,/usr/bin/touch,1000,100% PRESERVED,root,True,MASKED_AS_ROOT,"type=SYSCALL msg=audit(1728450960.000:4880): arch=c000003e syscall=257 success=yes exit=0 a0=7ffd a1=800 a2=0 a3=0 items=1 ppid=1420 pid=3180 auid=1000 uid=0 gid=0 euid=0 suid=0 fsuid=0 egid=0 ses=3 comm=""touch"" exe=""/usr/bin/touch"" key=""yoru_kontrol""",Oct 09 05:16:00 yoru-node sudo[3099]: pam_unix(sudo:session): session opened for user root(uid=0) by (uid=1000)
TR-RQ2-082,2024-10-09 05:16:01,4881,su_switch,human_user,budi,1002,0,chmod,/usr/bin/chmod,1002,100% PRESERVED,root,True,MASKED_AS_ROOT,"type=SYSCALL msg=audit(1728450961.500:4881): arch=c000003e syscall=257 success=yes exit=0 a0=7ffd a1=800 a2=0 a3=0 items=1 ppid=1420 pid=3181 auid=1002 uid=0 gid=0 euid=0 suid=0 fsuid=0 egid=0 ses=3 comm=""chmod"" exe=""/usr/bin/chmod"" key=""yoru_kontrol""",Oct 09 05:16:01 yoru-node sudo[3099]: pam_unix(sudo:session): session opened for user root(uid=0) by (uid=1002)
TR-RQ2-083,2024-10-09 05:16:03,4882,sudo_escalation,human_attacker,ubuntu,1000,0,bash,/usr/bin/bash,1000,100% PRESERVED,root,True,MASKED_AS_ROOT,"type=SYSCALL msg=audit(1728450963.000:4882): arch=c000003e syscall=257 success=yes exit=0 a0=7ffd a1=800 a2=0 a3=0 items=1 ppid=1420 pid=3182 auid=1000 uid=0 gid=0 euid=0 suid=0 fsuid=0 egid=0 ses=3 comm=""bash"" exe=""/usr/bin/bash"" key=""yoru_kontrol""",Oct 09 05:16:03 yoru-node sudo[3099]: pam_unix(sudo:session): session opened for user root(uid=0) by (uid=1000)
TR-RQ2-084,2024-10-09 05:16:04,4883,su_switch,human_user,ubuntu,1000,0,chown,/usr/bin/chown,1000,100% PRESERVED,root,True,MASKED_AS_ROOT,"type=SYSCALL msg=audit(1728450964.500:4883): arch=c000003e syscall=257 success=yes exit=0 a0=7ffd a1=800 a2=0 a3=0 items=1 ppid=1420 pid=3183 auid=1000 uid=0 gid=0 euid=0 suid=0 fsuid=0 egid=0 ses=3 comm=""chown"" exe=""/usr/bin/chown"" key=""yoru_kontrol""",Oct 09 05:16:04 yoru-node sudo[3099]: pam_unix(sudo:session): session opened for user root(uid=0) by (uid=1000)
TR-RQ2-085,2024-10-09 05:16:06,4884,sudo_escalation,human_attacker,budi,1002,0,vim,/usr/bin/vim,1002,100% PRESERVED,root,True,MASKED_AS_ROOT,"type=SYSCALL msg=audit(1728450966.000:4884): arch=c000003e syscall=257 success=yes exit=0 a0=7ffd a1=800 a2=0 a3=0 items=1 ppid=1420 pid=3184 auid=1002 uid=0 gid=0 euid=0 suid=0 fsuid=0 egid=0 ses=3 comm=""vim"" exe=""/usr/bin/vim"" key=""yoru_kontrol""",Oct 09 05:16:06 yoru-node sudo[3099]: pam_unix(sudo:session): session opened for user root(uid=0) by (uid=1002)
TR-RQ2-086,2024-10-09 05:16:07,4885,su_switch,human_user,ubuntu,1000,0,sed,/usr/bin/sed,1000,100% PRESERVED,root,True,MASKED_AS_ROOT,"type=SYSCALL msg=audit(1728450967.500:4885): arch=c000003e syscall=2 success=yes exit=0 a0=7ffd a1=800 a2=0 a3=0 items=1 ppid=1420 pid=3185 auid=1000 uid=0 gid=0 euid=0 suid=0 fsuid=0 egid=0 ses=3 comm=""sed"" exe=""/usr/bin/sed"" key=""yoru_kontrol""",Oct 09 05:16:07 yoru-node sudo[3099]: pam_unix(sudo:session): session opened for user root(uid=0) by (uid=1000)
TR-RQ2-087,2024-10-09 05:16:09,4886,agent_remediation,yoru_agent,yoru-agent,1001,0,yoructl,/opt/yoru/bin/yoructl,1001,100% PRESERVED,yoru-agent,False,UNMASKED,"type=SYSCALL msg=audit(1728450969.000:4886): arch=c000003e syscall=59 success=yes exit=0 a0=7ffd a1=800 a2=0 a3=0 items=1 ppid=1420 pid=3186 auid=1001 uid=0 gid=0 euid=0 suid=0 fsuid=0 egid=0 ses=3 comm=""yoructl"" exe=""/opt/yoru/bin/yoructl"" key=""yoru_kontrol""",Oct 09 05:16:09 yoru-node sudo[3099]: pam_unix(sudo:session): session opened for user yoru-agent(uid=0) by (uid=1001)
TR-RQ2-088,2024-10-09 05:16:10,4887,agent_remediation,yoru_agent,yoru-agent,1001,0,yoructl,/opt/yoru/bin/yoructl,1001,100% PRESERVED,yoru-agent,False,UNMASKED,"type=SYSCALL msg=audit(1728450970.500:4887): arch=c000003e syscall=59 success=yes exit=0 a0=7ffd a1=800 a2=0 a3=0 items=1 ppid=1420 pid=3187 auid=1001 uid=0 gid=0 euid=0 suid=0 fsuid=0 egid=0 ses=3 comm=""yoructl"" exe=""/opt/yoru/bin/yoructl"" key=""yoru_kontrol""",Oct 09 05:16:10 yoru-node sudo[3099]: pam_unix(sudo:session): session opened for user yoru-agent(uid=0) by (uid=1001)
TR-RQ2-089,2024-10-09 05:16:12,4888,agent_remediation,yoru_agent,yoru-agent,1001,0,yoructl,/opt/yoru/bin/yoructl,1001,100% PRESERVED,yoru-agent,False,UNMASKED,"type=SYSCALL msg=audit(1728450972.000:4888): arch=c000003e syscall=59 success=yes exit=0 a0=7ffd a1=800 a2=0 a3=0 items=1 ppid=1420 pid=3188 auid=1001 uid=0 gid=0 euid=0 suid=0 fsuid=0 egid=0 ses=3 comm=""yoructl"" exe=""/opt/yoru/bin/yoructl"" key=""yoru_kontrol""",Oct 09 05:16:12 yoru-node sudo[3099]: pam_unix(sudo:session): session opened for user yoru-agent(uid=0) by (uid=1001)
TR-RQ2-090,2024-10-09 05:16:13,4889,agent_remediation,yoru_agent,yoru-agent,1001,0,yoructl,/opt/yoru/bin/yoructl,1001,100% PRESERVED,yoru-agent,False,UNMASKED,"type=SYSCALL msg=audit(1728450973.500:4889): arch=c000003e syscall=59 success=yes exit=0 a0=7ffd a1=800 a2=0 a3=0 items=1 ppid=1420 pid=3189 auid=1001 uid=0 gid=0 euid=0 suid=0 fsuid=0 egid=0 ses=3 comm=""yoructl"" exe=""/opt/yoru/bin/yoructl"" key=""yoru_kontrol""",Oct 09 05:16:13 yoru-node sudo[3099]: pam_unix(sudo:session): session opened for user yoru-agent(uid=0) by (uid=1001)
TR-RQ2-091,2024-10-09 05:16:15,4890,agent_remediation,yoru_agent,yoru-agent,1001,0,yoructl,/opt/yoru/bin/yoructl,1001,100% PRESERVED,yoru-agent,False,UNMASKED,"type=SYSCALL msg=audit(1728450975.000:4890): arch=c000003e syscall=59 success=yes exit=0 a0=7ffd a1=800 a2=0 a3=0 items=1 ppid=1420 pid=3190 auid=1001 uid=0 gid=0 euid=0 suid=0 fsuid=0 egid=0 ses=3 comm=""yoructl"" exe=""/opt/yoru/bin/yoructl"" key=""yoru_kontrol""",Oct 09 05:16:15 yoru-node sudo[3099]: pam_unix(sudo:session): session opened for user yoru-agent(uid=0) by (uid=1001)
TR-RQ2-092,2024-10-09 05:16:16,4891,agent_remediation,yoru_agent,yoru-agent,1001,0,yoructl,/opt/yoru/bin/yoructl,1001,100% PRESERVED,yoru-agent,False,UNMASKED,"type=SYSCALL msg=audit(1728450976.500:4891): arch=c000003e syscall=59 success=yes exit=0 a0=7ffd a1=800 a2=0 a3=0 items=1 ppid=1420 pid=3191 auid=1001 uid=0 gid=0 euid=0 suid=0 fsuid=0 egid=0 ses=3 comm=""yoructl"" exe=""/opt/yoru/bin/yoructl"" key=""yoru_kontrol""",Oct 09 05:16:16 yoru-node sudo[3099]: pam_unix(sudo:session): session opened for user yoru-agent(uid=0) by (uid=1001)
TR-RQ2-093,2024-10-09 05:16:18,4892,agent_remediation,yoru_agent,yoru-agent,1001,0,yoructl,/opt/yoru/bin/yoructl,1001,100% PRESERVED,yoru-agent,False,UNMASKED,"type=SYSCALL msg=audit(1728450978.000:4892): arch=c000003e syscall=59 success=yes exit=0 a0=7ffd a1=800 a2=0 a3=0 items=1 ppid=1420 pid=3192 auid=1001 uid=0 gid=0 euid=0 suid=0 fsuid=0 egid=0 ses=3 comm=""yoructl"" exe=""/opt/yoru/bin/yoructl"" key=""yoru_kontrol""",Oct 09 05:16:18 yoru-node sudo[3099]: pam_unix(sudo:session): session opened for user yoru-agent(uid=0) by (uid=1001)
TR-RQ2-094,2024-10-09 05:16:19,4893,agent_remediation,yoru_agent,yoru-agent,1001,0,yoructl,/opt/yoru/bin/yoructl,1001,100% PRESERVED,yoru-agent,False,UNMASKED,"type=SYSCALL msg=audit(1728450979.500:4893): arch=c000003e syscall=59 success=yes exit=0 a0=7ffd a1=800 a2=0 a3=0 items=1 ppid=1420 pid=3193 auid=1001 uid=0 gid=0 euid=0 suid=0 fsuid=0 egid=0 ses=3 comm=""yoructl"" exe=""/opt/yoru/bin/yoructl"" key=""yoru_kontrol""",Oct 09 05:16:19 yoru-node sudo[3099]: pam_unix(sudo:session): session opened for user yoru-agent(uid=0) by (uid=1001)
TR-RQ2-095,2024-10-09 05:16:21,4894,agent_remediation,yoru_agent,yoru-agent,1001,0,yoructl,/opt/yoru/bin/yoructl,1001,100% PRESERVED,yoru-agent,False,UNMASKED,"type=SYSCALL msg=audit(1728450981.000:4894): arch=c000003e syscall=59 success=yes exit=0 a0=7ffd a1=800 a2=0 a3=0 items=1 ppid=1420 pid=3194 auid=1001 uid=0 gid=0 euid=0 suid=0 fsuid=0 egid=0 ses=3 comm=""yoructl"" exe=""/opt/yoru/bin/yoructl"" key=""yoru_kontrol""",Oct 09 05:16:21 yoru-node sudo[3099]: pam_unix(sudo:session): session opened for user yoru-agent(uid=0) by (uid=1001)
TR-RQ2-096,2024-10-09 05:16:22,4895,ssh_direct,direct_root,root,0,0,sshd,/usr/sbin/sshd,0,100% PRESERVED,root,False,UNMASKED,"type=SYSCALL msg=audit(1728450982.500:4895): arch=c000003e syscall=257 success=yes exit=0 a0=7ffd a1=800 a2=0 a3=0 items=1 ppid=1420 pid=3195 auid=0 uid=0 gid=0 euid=0 suid=0 fsuid=0 egid=0 ses=3 comm=""sshd"" exe=""/usr/sbin/sshd"" key=""yoru_kontrol""",Oct 09 05:16:22 yoru-node sudo[3099]: pam_unix(sudo:session): session opened for user root(uid=0) by (uid=0)
TR-RQ2-097,2024-10-09 05:16:24,4896,ssh_direct,direct_root,root,0,0,sshd,/usr/sbin/sshd,0,100% PRESERVED,root,False,UNMASKED,"type=SYSCALL msg=audit(1728450984.000:4896): arch=c000003e syscall=257 success=yes exit=0 a0=7ffd a1=800 a2=0 a3=0 items=1 ppid=1420 pid=3196 auid=0 uid=0 gid=0 euid=0 suid=0 fsuid=0 egid=0 ses=3 comm=""sshd"" exe=""/usr/sbin/sshd"" key=""yoru_kontrol""",Oct 09 05:16:24 yoru-node sudo[3099]: pam_unix(sudo:session): session opened for user root(uid=0) by (uid=0)
TR-RQ2-098,2024-10-09 05:16:25,4897,ssh_direct,direct_root,root,0,0,sshd,/usr/sbin/sshd,0,100% PRESERVED,root,False,UNMASKED,"type=SYSCALL msg=audit(1728450985.500:4897): arch=c000003e syscall=257 success=yes exit=0 a0=7ffd a1=800 a2=0 a3=0 items=1 ppid=1420 pid=3197 auid=0 uid=0 gid=0 euid=0 suid=0 fsuid=0 egid=0 ses=3 comm=""sshd"" exe=""/usr/sbin/sshd"" key=""yoru_kontrol""",Oct 09 05:16:25 yoru-node sudo[3099]: pam_unix(sudo:session): session opened for user root(uid=0) by (uid=0)
TR-RQ2-099,2024-10-09 05:16:27,4898,ssh_direct,direct_root,root,0,0,sshd,/usr/sbin/sshd,0,100% PRESERVED,root,False,UNMASKED,"type=SYSCALL msg=audit(1728450987.000:4898): arch=c000003e syscall=257 success=yes exit=0 a0=7ffd a1=800 a2=0 a3=0 items=1 ppid=1420 pid=3198 auid=0 uid=0 gid=0 euid=0 suid=0 fsuid=0 egid=0 ses=3 comm=""sshd"" exe=""/usr/sbin/sshd"" key=""yoru_kontrol""",Oct 09 05:16:27 yoru-node sudo[3099]: pam_unix(sudo:session): session opened for user root(uid=0) by (uid=0)
TR-RQ2-100,2024-10-09 05:16:28,4899,ssh_direct,direct_root,root,0,0,sshd,/usr/sbin/sshd,0,100% PRESERVED,root,False,UNMASKED,"type=SYSCALL msg=audit(1728450988.500:4899): arch=c000003e syscall=257 success=yes exit=0 a0=7ffd a1=800 a2=0 a3=0 items=1 ppid=1420 pid=3199 auid=0 uid=0 gid=0 euid=0 suid=0 fsuid=0 egid=0 ses=3 comm=""sshd"" exe=""/usr/sbin/sshd"" key=""yoru_kontrol""",Oct 09 05:16:28 yoru-node sudo[3099]: pam_unix(sudo:session): session opened for user root(uid=0) by (uid=0)
