trial_id,control_id,target_path,backup_tarball,sha256_clean_before,sha256_drift_state,rollback_command,sha256_restored_after,sha256_parity_match,restoration_latency_seconds,service_reloaded,service_status,atomic_integrity_verdict
RB-TR-01,K01,/etc/ssh/sshd_config.d/99-yoru-k01.conf,/var/backups/yoru/K01_pre_remediation.tar.gz,33241a06defd6b0e84271957ef6a95bd427ec4cae1b877dc9fe993cab641cec0,da2ee21f51bcc38c82c2b2752432e8ee11b953915b1846237fd2eed86436ad6b,yoructl K01 kembalikan,33241a06defd6b0e84271957ef6a95bd427ec4cae1b877dc9fe993cab641cec0,EXACT_PARITY_MATCH (100%),0.08,sshd.service,ACTIVE_RUNNING,PASS
RB-TR-02,K02,/etc/ssh/sshd_config.d/99-yoru-k02.conf,/var/backups/yoru/K02_pre_remediation.tar.gz,c41ad34256ee15eae477e13d01341aff1ea7a4ef4b2c189fca80acd43016f475,f36ac486e9a02d07f4e14a5d730dd14b6c062cdc1cdfc954b40898730d747724,yoructl K02 kembalikan,c41ad34256ee15eae477e13d01341aff1ea7a4ef4b2c189fca80acd43016f475,EXACT_PARITY_MATCH (100%),0.11,sshd.service,ACTIVE_RUNNING,PASS
RB-TR-03,K03,/etc/ssh/sshd_config.d/99-yoru-k03.conf,/var/backups/yoru/K03_pre_remediation.tar.gz,af6139fc76975c1e8be042afba60012f245bf1704552d79465627a3334a79695,a0c76c8d9a2b7f27899fb241202e61ae9009b97076440da83e844db6d36f9950,yoructl K03 kembalikan,af6139fc76975c1e8be042afba60012f245bf1704552d79465627a3334a79695,EXACT_PARITY_MATCH (100%),0.09,sshd.service,ACTIVE_RUNNING,PASS
RB-TR-04,K04,/etc/ssh/sshd_config.d/99-yoru-k04.conf,/var/backups/yoru/K04_pre_remediation.tar.gz,e5c45b7da787407c017f8c7d60dfcd67b355d33d4f73e45b884e4c3b2f00cc4a,65954a97edf8c22f6e65adca4963cd8b277d7648d222369d680a479e5917be02,yoructl K04 kembalikan,e5c45b7da787407c017f8c7d60dfcd67b355d33d4f73e45b884e4c3b2f00cc4a,EXACT_PARITY_MATCH (100%),0.14,sshd.service,ACTIVE_RUNNING,PASS
RB-TR-05,K05,/etc/ufw/user.rules,/var/backups/yoru/K05_pre_remediation.tar.gz,94c4a7c0e2913848800c1dcf0c1eeb66c748bcfa0347d102ccdff478776ad5ce,0d0c6538431aaa04212453374aa5de685d8a30e07583a746aad71ddc8d8fe1df,yoructl K05 kembalikan,94c4a7c0e2913848800c1dcf0c1eeb66c748bcfa0347d102ccdff478776ad5ce,EXACT_PARITY_MATCH (100%),0.18,ufw.service,ACTIVE_RUNNING,PASS
RB-TR-06,K06,/etc/mysql/mysql.conf.d/mysqld.cnf,/var/backups/yoru/K06_pre_remediation.tar.gz,c025e6d6e81e210a75d21804308c612df786b737e3bdcecab5e344940082058e,79ee0ae434ea438037123e21d184b958a0f1b7383bc8b21e0f911122cfa9ff21,yoructl K06 kembalikan,c025e6d6e81e210a75d21804308c612df786b737e3bdcecab5e344940082058e,EXACT_PARITY_MATCH (100%),0.12,sysctl,ACTIVE_RUNNING,PASS
RB-TR-07,K07,/etc/apt/apt.conf.d/20auto-upgrades,/var/backups/yoru/K07_pre_remediation.tar.gz,da25b6d3a2069a88e77eb8d920c9c39f13932b1b5b56b7591a919328272ef935,869e2d948d6e5e1b4e5964606a7b8990e15b102aa827937fe94fbb4a1d785b44,yoructl K07 kembalikan,da25b6d3a2069a88e77eb8d920c9c39f13932b1b5b56b7591a919328272ef935,EXACT_PARITY_MATCH (100%),0.1,sysctl,ACTIVE_RUNNING,PASS
RB-TR-08,K08,/etc/audit/rules.d/99-yoru-k08.rules,/var/backups/yoru/K08_pre_remediation.tar.gz,24682c0eb7abb4bf7b26f518e03a9e5f07d67cdc70eed887ec62c40fcd7e6a30,18b5c7d27b2c9f9b5acecac1b4003384e9072b6e54d117bba6ae66f38862d695,yoructl K08 kembalikan,24682c0eb7abb4bf7b26f518e03a9e5f07d67cdc70eed887ec62c40fcd7e6a30,EXACT_PARITY_MATCH (100%),0.15,auditd.service,ACTIVE_RUNNING,PASS
RB-TR-09,K09,/etc/systemd/journald.conf.d/99-yoru-k09.conf,/var/backups/yoru/K09_pre_remediation.tar.gz,84d0c02b76681e93357e95ef7b40a87b12d60598a842d4f24a4e20f3c0ccbcd5,244c18e0ac4ac963986c8343c204fbb7009693a837c09e95200f67878a9845b2,yoructl K09 kembalikan,84d0c02b76681e93357e95ef7b40a87b12d60598a842d4f24a4e20f3c0ccbcd5,EXACT_PARITY_MATCH (100%),0.09,systemd-journald.service,ACTIVE_RUNNING,PASS
RB-TR-10,K10,/etc/sysctl.d/99-yoru-k10.conf,/var/backups/yoru/K10_pre_remediation.tar.gz,d0fe1184a066e77a6017e1e410b2fd7dffce5a843eb6fd86a062fae0121672ae,63b028a8f7237a5ca462a4aa18a36e2b299b944924aa60216814851554d9ce15,yoructl K10 kembalikan,d0fe1184a066e77a6017e1e410b2fd7dffce5a843eb6fd86a062fae0121672ae,EXACT_PARITY_MATCH (100%),0.14,sysctl,ACTIVE_RUNNING,PASS
