sample_index,timestamp,pid,process_name,workload_phase,rss_mb,cpu_pct,open_fds,within_50mb_budget,oom_events
1,2024-10-09 05:14:00,2410,yoru-watch,Idle Baseline (Timer Waiting),18.4,0.08,12,True,0
2,2024-10-09 05:14:01,2410,yoru-watch,Idle Baseline (Timer Waiting),18.7,0.11,12,True,0
3,2024-10-09 05:14:02,2410,yoru-watch,Idle Baseline (Timer Waiting),19.0,0.14,12,True,0
4,2024-10-09 05:14:03,2410,yoru-watch,Idle Baseline (Timer Waiting),18.4,0.17,12,True,0
5,2024-10-09 05:14:04,2410,yoru-watch,Idle Baseline (Timer Waiting),18.7,0.08,12,True,0
6,2024-10-09 05:14:05,2410,yoru-watch,Idle Baseline (Timer Waiting),19.0,0.11,12,True,0
7,2024-10-09 05:14:06,2410,yoru-watch,Idle Baseline (Timer Waiting),18.4,0.14,12,True,0
8,2024-10-09 05:14:07,2410,yoru-watch,Idle Baseline (Timer Waiting),18.7,0.17,12,True,0
9,2024-10-09 05:14:08,2410,yoru-watch,Idle Baseline (Timer Waiting),19.0,0.08,12,True,0
10,2024-10-09 05:14:09,2410,yoru-watch,Idle Baseline (Timer Waiting),18.4,0.11,12,True,0
11,2024-10-09 05:14:10,2410,yoru-watch,Idle Baseline (Timer Waiting),18.7,0.14,12,True,0
12,2024-10-09 05:14:11,2410,yoru-watch,Idle Baseline (Timer Waiting),19.0,0.17,12,True,0
13,2024-10-09 05:14:12,2410,yoru-watch,Idle Baseline (Timer Waiting),18.4,0.08,12,True,0
14,2024-10-09 05:14:13,2410,yoru-watch,Idle Baseline (Timer Waiting),18.7,0.11,12,True,0
15,2024-10-09 05:14:14,2410,yoru-watch,Idle Baseline (Timer Waiting),19.0,0.14,12,True,0
16,2024-10-09 05:14:15,2410,yoru-watch,Idle Baseline (Timer Waiting),18.4,0.17,12,True,0
17,2024-10-09 05:14:16,2410,yoru-watch,Idle Baseline (Timer Waiting),18.7,0.08,12,True,0
18,2024-10-09 05:14:17,2410,yoru-watch,Idle Baseline (Timer Waiting),19.0,0.11,12,True,0
19,2024-10-09 05:14:18,2410,yoru-watch,Idle Baseline (Timer Waiting),18.4,0.14,12,True,0
20,2024-10-09 05:14:19,2410,yoru-watch,Idle Baseline (Timer Waiting),18.7,0.17,12,True,0
21,2024-10-09 05:14:20,2410,yoru-watch,Active Audit Cycle (K01-K10 Inspection),31.6,1.82,24,True,0
22,2024-10-09 05:14:21,2410,yoru-watch,Active Audit Cycle (K01-K10 Inspection),32.2,2.22,24,True,0
23,2024-10-09 05:14:22,2410,yoru-watch,Active Audit Cycle (K01-K10 Inspection),32.8,2.62,24,True,0
24,2024-10-09 05:14:23,2410,yoru-watch,Active Audit Cycle (K01-K10 Inspection),33.4,3.02,24,True,0
25,2024-10-09 05:14:24,2410,yoru-watch,Active Audit Cycle (K01-K10 Inspection),34.0,1.82,24,True,0
26,2024-10-09 05:14:25,2410,yoru-watch,Active Audit Cycle (K01-K10 Inspection),31.6,2.22,24,True,0
27,2024-10-09 05:14:26,2410,yoru-watch,Active Audit Cycle (K01-K10 Inspection),32.2,2.62,24,True,0
28,2024-10-09 05:14:27,2410,yoru-watch,Active Audit Cycle (K01-K10 Inspection),32.8,3.02,24,True,0
29,2024-10-09 05:14:28,2410,yoru-watch,Active Audit Cycle (K01-K10 Inspection),33.4,1.82,24,True,0
30,2024-10-09 05:14:29,2410,yoru-watch,Active Audit Cycle (K01-K10 Inspection),34.0,2.22,24,True,0
31,2024-10-09 05:14:30,2410,yoru-watch,Active Audit Cycle (K01-K10 Inspection),31.6,2.62,24,True,0
32,2024-10-09 05:14:31,2410,yoru-watch,Active Audit Cycle (K01-K10 Inspection),32.2,3.02,24,True,0
33,2024-10-09 05:14:32,2410,yoru-watch,Active Audit Cycle (K01-K10 Inspection),32.8,1.82,24,True,0
34,2024-10-09 05:14:33,2410,yoru-watch,Active Audit Cycle (K01-K10 Inspection),33.4,2.22,24,True,0
35,2024-10-09 05:14:34,2410,yoru-watch,Active Audit Cycle (K01-K10 Inspection),34.0,2.62,24,True,0
36,2024-10-09 05:14:35,2410,yoru-watch,Active Audit Cycle (K01-K10 Inspection),31.6,3.02,24,True,0
37,2024-10-09 05:14:36,2410,yoru-watch,Active Audit Cycle (K01-K10 Inspection),32.2,1.82,24,True,0
38,2024-10-09 05:14:37,2410,yoru-watch,Active Audit Cycle (K01-K10 Inspection),32.8,2.22,24,True,0
39,2024-10-09 05:14:38,2410,yoru-watch,Active Audit Cycle (K01-K10 Inspection),33.4,2.62,24,True,0
40,2024-10-09 05:14:39,2410,yoru-watch,Active Audit Cycle (K01-K10 Inspection),34.0,3.02,24,True,0
41,2024-10-09 05:14:40,2410,yoru-watch,"Adversarial Stress Flood (1,000 events/sec)",38.5,2.95,36,True,0
42,2024-10-09 05:14:41,2410,yoru-watch,"Adversarial Stress Flood (1,000 events/sec)",39.1,3.25,36,True,0
43,2024-10-09 05:14:42,2410,yoru-watch,"Adversarial Stress Flood (1,000 events/sec)",39.7,3.55,36,True,0
44,2024-10-09 05:14:43,2410,yoru-watch,"Adversarial Stress Flood (1,000 events/sec)",40.3,3.85,36,True,0
45,2024-10-09 05:14:44,2410,yoru-watch,"Adversarial Stress Flood (1,000 events/sec)",40.9,2.95,36,True,0
46,2024-10-09 05:14:45,2410,yoru-watch,"Adversarial Stress Flood (1,000 events/sec)",41.5,3.25,36,True,0
47,2024-10-09 05:14:46,2410,yoru-watch,"Adversarial Stress Flood (1,000 events/sec)",38.5,3.55,36,True,0
48,2024-10-09 05:14:47,2410,yoru-watch,"Adversarial Stress Flood (1,000 events/sec)",39.1,3.85,36,True,0
49,2024-10-09 05:14:48,2410,yoru-watch,"Adversarial Stress Flood (1,000 events/sec)",39.7,2.95,36,True,0
50,2024-10-09 05:14:49,2410,yoru-watch,"Adversarial Stress Flood (1,000 events/sec)",40.3,3.25,36,True,0
51,2024-10-09 05:14:50,2410,yoru-watch,"Adversarial Stress Flood (1,000 events/sec)",40.9,3.55,36,True,0
52,2024-10-09 05:14:51,2410,yoru-watch,"Adversarial Stress Flood (1,000 events/sec)",41.5,3.85,36,True,0
53,2024-10-09 05:14:52,2410,yoru-watch,"Adversarial Stress Flood (1,000 events/sec)",42.1,2.95,36,True,0
54,2024-10-09 05:14:53,2410,yoru-watch,"Adversarial Stress Flood (1,000 events/sec)",39.1,3.25,36,True,0
55,2024-10-09 05:14:54,2410,yoru-watch,"Adversarial Stress Flood (1,000 events/sec)",39.7,3.55,36,True,0
56,2024-10-09 05:14:55,2410,yoru-watch,"Adversarial Stress Flood (1,000 events/sec)",40.3,3.85,36,True,0
57,2024-10-09 05:14:56,2410,yoru-watch,"Adversarial Stress Flood (1,000 events/sec)",40.9,2.95,36,True,0
58,2024-10-09 05:14:57,2410,yoru-watch,"Adversarial Stress Flood (1,000 events/sec)",41.5,3.25,36,True,0
59,2024-10-09 05:14:58,2410,yoru-watch,"Adversarial Stress Flood (1,000 events/sec)",38.5,3.55,36,True,0
60,2024-10-09 05:14:59,2410,yoru-watch,"Adversarial Stress Flood (1,000 events/sec)",39.1,3.85,36,True,0
